﻿Designator,Footprint,Quantity,Value,LCSC Part #
BT1,JST_PH_S2B-PH-K_1x02_P2.00mm_Horizontal,1,3.7V,
"C1, C2",0402,2,15p,C1548
"C10, C11",0603,2,1u,C52923
"C12, C9",0603,2,10u,
C13,0603,1,1u,
C14,0603,1,100p,
"C15, C3, C4, C5, C6, C7, C8",0603,7,100n,
C16,0603,1,470n,
"C17, C18",0402,2,1u,C52923
"C19, C20, C21, C22, C23, C24, C25, C26, C27",0402,9,100n,C1525
"D1, D10, D11, D12, D13, D14, D15, D16, D17, D18, D19, D2, D20, D21, D22, D23, D24, D25, D26, D27, D28, D29, D3, D30, D31, D32, D33, D34, D35, D36, D37, D38, D39, D4, D40, D41, D42, D43, D44, D45, D46, D47, D48, D49, D5, D50, D51, D52, D53, D54, D55, D56, D57, D58, D59, D6, D60, D61, D62, D7, D8, D9, D99",D_SOD-323,63,1N4148WS,
D100,D_SOD-323,1,DNP,
"D63, D64, D65, D66, D67, D68, D69, D70, D71, D72, D73, D74, D75, D76, D77, D78, D79, D80, D81, D82, D83, D84, D85, D86, D87, D88, D89, D90, D91, D92, D93, D94",0805,32,IN-S85AT5B,
D95,D_SOD-323,1,B5817WS,
"D96, D97",0603,2,KT-0603R,
D98,SOT-23-3,1,BAT54C,
J1,PinHeader_1x05_P2.54mm_Vertical,1,5*2.54mm DNP,
J2,USB_C_Receptacle_GCT_USB4105-xx-A_16P_TopMnt_Horizontal,1,USB4105-GF-A,
Q1,SOT-23-3,1,AO3401A,
Q2,SOT-23-3,1,BSS84,
Q3,SOT-23,1,MMBT3904,
Q4,SOT-523,1,DMG1012T,
"R1, R2",0603,2,4.7k,
"R10, R11, R12, R13, R14, R15, R16, R17, R18, R19, R20, R21, R22, R23, R24, R25, R26, R27, R28, R29, R30, R31, R32, R33, R34, R35, R36, R37, R38, R39, R8, R9",0603,32,270,
"R3, R4",0402,2,27,
"R40, R47, R53, R55, R6, R7",0603,6,10k,
"R41, R48, R49, R56",0603,4,1k,
"R42, R43",0603,2,5.1k,
"R44, R46, R50, R51",0603,4,2k,
"R45, R54, R57",0603,3,100k,
R5,0402,1,1k,
R52,0603,1,330k,
"SW1, SW66",SW_Push_PTS815_SJM_250_SMTR_LFS,2,PTS815_SJM_250_SMTR_LFS,
"SW10, SW11, SW12, SW13, SW14, SW15, SW16, SW17, SW18, SW19, SW2, SW20, SW21, SW22, SW23, SW24, SW25, SW26, SW27, SW28, SW29, SW3, SW30, SW31, SW32, SW33, SW4, SW5, SW6, SW7, SW8, SW9",PTS636SL50LFS,32,PTS636SL50 LFS,
"SW34, SW35, SW36, SW37, SW38, SW39, SW40, SW41, SW42, SW43, SW44, SW45, SW46, SW47, SW48, SW49, SW50, SW51, SW52, SW53, SW54, SW55, SW56, SW57, SW58, SW59, SW60, SW61, SW62, SW63",SW_SPST_Omron_B3F-40xx,30,B3F,
SW65,EVQP7J01P,1,EVQ-P7A01P,
TP10,TestPoint_Pad_D1.0mm,1,TEST_BAT_ADC,
TP11,TestPoint_Pad_D1.0mm,1,TEST_GND,
TP12,TestPoint_Pad_D1.0mm,1,TEST_LDO_EN,
TP13,TestPoint_Pad_D1.0mm,1,TEST_LOAD,
TP7,TestPoint_Pad_D1.0mm,1,TEST_3V3,
TP8,TestPoint_Pad_D1.0mm,1,TEST_1V1,
TP9,TestPoint_Pad_D1.0mm,1,TEST_VBUS,
U1,QFN-56-1EP_7x7mm_P0.4mm_EP3.2x3.2mm,1,RP2040,
U10,CPC-5_L2.6-W2.6-P0.53-LS4.0-BL,1,XB7608AJ,
U11,SSD1322_OLED,1,"3.12"" SSD1322 OLED",
U2,QFN50P400X400X80-25N,1,TCA8418RTWR,
"U3, U4, U5, U6",SOIC-16_3.9x9.9mm_P1.27mm,4,74HC595,
U7,SOIC-8_5.3x5.3mm_P1.27mm,1,W25Q16JVSS,
U8,TSOT-23-6,1,TP4057,
U9,SOT-23-5,1,TLV75533PDBV,
Y1,Crystal_SMD_Abracon_ABM8G-4Pin_3.2x2.5mm,1,ABM8-272-T3,C20625731
